scenario,beta_hat
Exogenous treatment,1.007245228700336
Exogenous treatment,0.9798577471570715
Exogenous treatment,0.9973264263176368
Exogenous treatment,0.997843796703836
Exogenous treatment,1.0133579348844068
Exogenous treatment,0.987792665751887
Exogenous treatment,0.9620710622510489
Exogenous treatment,1.0365597702165217
Exogenous treatment,1.0068927454159815
Exogenous treatment,1.0110697915483788
Exogenous treatment,0.9952313381269038
Exogenous treatment,0.9704266720946864
Exogenous treatment,1.0041792019939342
Exogenous treatment,0.9814754689837042
Exogenous treatment,1.0152351592304318
Exogenous treatment,1.054378609719953
Exogenous treatment,0.9573009070286502
Exogenous treatment,0.9697472164069667
Exogenous treatment,0.9548797424225628
Exogenous treatment,0.9707379080627057
Exogenous treatment,0.9855423694716134
Exogenous treatment,1.0152332088277243
Exogenous treatment,1.0029998320684157
Exogenous treatment,0.9655320402015697
Exogenous treatment,1.0187678601684744
Exogenous treatment,0.9801027354932756
Exogenous treatment,0.9948394708184052
Exogenous treatment,0.958995720555877
Exogenous treatment,1.0035769885584254
Exogenous treatment,0.9998173544998518
Exogenous treatment,0.9870650276282054
Exogenous treatment,0.9415080355456826
Exogenous treatment,1.0165236597320852
Exogenous treatment,0.9742130452348506
Exogenous treatment,1.0376763307093044
Exogenous treatment,0.9821299483107084
Exogenous treatment,0.9971980913634655
Exogenous treatment,0.9983627109145552
Exogenous treatment,1.021856297756897
Exogenous treatment,1.0096404524419724
Exogenous treatment,0.9168385665638711
Exogenous treatment,0.9831043196130853
Exogenous treatment,0.9950709955855154
Exogenous treatment,0.9577095293222009
Exogenous treatment,1.059394165988894
Exogenous treatment,1.013279635567117
Exogenous treatment,1.0591193083725385
Exogenous treatment,1.003506695972587
Exogenous treatment,1.0083161344823581
Exogenous treatment,1.00876289082179
Exogenous treatment,1.0161839444172984
Exogenous treatment,1.0205775534315036
Exogenous treatment,1.0209289352694069
Exogenous treatment,1.0309452702091186
Exogenous treatment,0.9750390044715522
Exogenous treatment,0.992238698270694
Exogenous treatment,0.963555523638992
Exogenous treatment,0.997492811162709
Exogenous treatment,1.0258381526062879
Exogenous treatment,1.0126828152243115
Exogenous treatment,1.036491848400805
Exogenous treatment,0.9829163113213243
Exogenous treatment,1.0405060828891304
Exogenous treatment,1.0065972814707318
Exogenous treatment,1.017960312977881
Exogenous treatment,0.998992274597619
Exogenous treatment,0.9715659754158801
Exogenous treatment,1.0391570719081638
Exogenous treatment,1.0359026489319274
Exogenous treatment,1.0265317194328856
Exogenous treatment,0.9962031002404468
Exogenous treatment,0.9761396454729299
Exogenous treatment,1.0162683683746647
Exogenous treatment,0.957766833829547
Exogenous treatment,0.984854950347045
Exogenous treatment,1.002383384340801
Exogenous treatment,1.0365335171977113
Exogenous treatment,1.009225202358474
Exogenous treatment,1.015330492817715
Exogenous treatment,0.9896761322697872
Exogenous treatment,0.9862960867893631
Exogenous treatment,0.9810632919226963
Exogenous treatment,1.0326879957995045
Exogenous treatment,1.0176222061910039
Exogenous treatment,1.01854804041426
Exogenous treatment,1.0254846403557445
Exogenous treatment,0.9889568549378734
Exogenous treatment,1.0003051495985034
Exogenous treatment,1.0055848948284472
Exogenous treatment,1.0192190982567628
Exogenous treatment,0.9734095502170421
Exogenous treatment,1.0160559551811397
Exogenous treatment,1.0128651229640258
Exogenous treatment,0.9692267002145981
Exogenous treatment,1.0049968930637074
Exogenous treatment,0.9692884398293949
Exogenous treatment,1.0442000952315467
Exogenous treatment,1.0043168110289926
Exogenous treatment,1.023372533537723
Exogenous treatment,1.0077798381261762
Exogenous treatment,1.0052638055498822
Exogenous treatment,1.0131747900456327
Exogenous treatment,0.9990130435327413
Exogenous treatment,1.0113393413193474
Exogenous treatment,1.0250081358885794
Exogenous treatment,1.018851177593167
Exogenous treatment,0.9881681164660859
Exogenous treatment,0.9787342821720857
Exogenous treatment,1.0338969609451287
Exogenous treatment,1.043603583113544
Exogenous treatment,1.0226306375883603
Exogenous treatment,0.9859753996339792
Exogenous treatment,1.0140440676775577
Exogenous treatment,1.0220352086956437
Exogenous treatment,1.044943810486894
Exogenous treatment,1.009403260489211
Exogenous treatment,1.0264566863919236
Exogenous treatment,0.9748594481593371
Exogenous treatment,1.0304275688662812
Exogenous treatment,1.0066724410932442
Exogenous treatment,1.0019559397980595
Exogenous treatment,0.9745834010629554
Exogenous treatment,0.9877713941111111
Exogenous treatment,0.9691387145897261
Exogenous treatment,1.0179879409367891
Exogenous treatment,1.0281444271478708
Exogenous treatment,0.9770350018951883
Exogenous treatment,0.9865009756513771
Exogenous treatment,0.9983436724495214
Exogenous treatment,0.9782799218759664
Exogenous treatment,1.0028550100466997
Exogenous treatment,1.0094127574258513
Exogenous treatment,1.0031685038553286
Exogenous treatment,1.0141105775515524
Exogenous treatment,0.9801588491626712
Exogenous treatment,1.011020407054521
Exogenous treatment,1.001052367870391
Exogenous treatment,1.0069802920524484
Exogenous treatment,1.0383579068691107
Exogenous treatment,1.0000287878459189
Exogenous treatment,1.0437657999930112
Exogenous treatment,0.9917205406411926
Exogenous treatment,0.9639357189583544
Exogenous treatment,1.0073669711213848
Exogenous treatment,0.9946249481363552
Exogenous treatment,0.9815430005574839
Exogenous treatment,1.0208070545134982
Exogenous treatment,0.968272206120037
Exogenous treatment,0.9918406284110932
Exogenous treatment,1.0042528313489567
Exogenous treatment,1.00646973230552
Exogenous treatment,1.0391277733952213
Exogenous treatment,1.0029688354733688
Exogenous treatment,1.0263876309659603
Exogenous treatment,1.0178936102068463
Exogenous treatment,1.0128473780936273
Exogenous treatment,1.0070449210908379
Exogenous treatment,0.9857607442592363
Exogenous treatment,0.9836645348506502
Exogenous treatment,0.9763141060387551
Exogenous treatment,0.9854843160127329
Exogenous treatment,1.005867555063928
Exogenous treatment,0.9873548658780517
Exogenous treatment,0.9865293939981572
Exogenous treatment,1.0070206639503325
Exogenous treatment,0.9698352151288891
Exogenous treatment,0.9701751594655206
Exogenous treatment,0.9652341665213608
Exogenous treatment,0.9642364825053065
Exogenous treatment,0.9674056156810428
Exogenous treatment,0.9955062017705263
Exogenous treatment,1.0392486255008286
Exogenous treatment,1.0004782043534202
Exogenous treatment,1.0024718800976888
Exogenous treatment,1.012052234633517
Exogenous treatment,1.0316255711136735
Exogenous treatment,0.9827934618787537
Exogenous treatment,1.0180794246215696
Exogenous treatment,1.0385250565465551
Exogenous treatment,1.022088022914913
Exogenous treatment,0.9709067324642485
Exogenous treatment,1.007341770718265
Exogenous treatment,0.9781373018284643
Exogenous treatment,0.9659718005805438
Exogenous treatment,1.0395040858402471
Exogenous treatment,0.9580862303057625
Exogenous treatment,1.009929467261785
Exogenous treatment,1.00721956570825
Exogenous treatment,0.9987542531068586
Exogenous treatment,0.9761333613226307
Exogenous treatment,1.027005540874691
Exogenous treatment,0.9993658268780448
Exogenous treatment,1.0273268963244866
Exogenous treatment,1.0007835544406491
Exogenous treatment,0.950630869788967
Exogenous treatment,1.0066720322202838
Exogenous treatment,1.0302781458495691
Exogenous treatment,0.9868481093351085
Exogenous treatment,1.0250322357668866
Exogenous treatment,1.012455357850612
Exogenous treatment,1.0378987659430141
Exogenous treatment,0.9725152238926579
Exogenous treatment,0.9941479731567028
Exogenous treatment,1.0068676952066573
Exogenous treatment,0.9813801109256957
Exogenous treatment,0.9921302021256435
Exogenous treatment,1.0000950100782835
Exogenous treatment,1.0030220185219667
Exogenous treatment,1.001245601948555
Exogenous treatment,0.9701021437176055
Exogenous treatment,0.98305852002971
Exogenous treatment,0.9277370247338248
Exogenous treatment,1.0175931633259112
Exogenous treatment,1.0006935660171772
Exogenous treatment,1.0197507396035257
Exogenous treatment,1.018728273202608
Exogenous treatment,0.9980507109101362
Exogenous treatment,1.0045489695028047
Exogenous treatment,0.9669446820674498
Exogenous treatment,0.9751855116638954
Exogenous treatment,1.0218756488146918
Exogenous treatment,0.9766135409549941
Exogenous treatment,1.0335479579010025
Exogenous treatment,0.9891038882510553
Exogenous treatment,1.005556453587321
Exogenous treatment,0.977816117392901
Exogenous treatment,0.9359718734003537
Exogenous treatment,1.0192810897582611
Exogenous treatment,0.9996665318649287
Exogenous treatment,1.0070619502711902
Exogenous treatment,1.0295993751323014
Exogenous treatment,0.9533930840178012
Exogenous treatment,1.0371697219279163
Exogenous treatment,1.0190631888027604
Exogenous treatment,1.0269910416414216
Exogenous treatment,1.0090952573286929
Exogenous treatment,0.9299423388407404
Exogenous treatment,1.0348838140791976
Exogenous treatment,0.9963872711003239
Exogenous treatment,0.9768593445520082
Exogenous treatment,0.9864316786335359
Exogenous treatment,1.0308959969693137
Exogenous treatment,1.0259960816328462
Exogenous treatment,1.012331010396373
Exogenous treatment,1.0217549494902476
Exogenous treatment,0.983626068297077
Exogenous treatment,0.988529903575088
Exogenous treatment,0.9583898151953528
Exogenous treatment,1.018660719360245
Exogenous treatment,0.9854962391150767
Exogenous treatment,1.019305718845211
Exogenous treatment,0.968322184260195
Exogenous treatment,1.0125092846500077
Exogenous treatment,1.0017596888642988
Exogenous treatment,0.9827789705201326
Exogenous treatment,0.9996446896461073
Exogenous treatment,1.04214435553162
Exogenous treatment,1.029050287530219
Exogenous treatment,0.9569333437620736
Exogenous treatment,0.99413397488189
Exogenous treatment,1.0032685268437707
Exogenous treatment,0.9398060955298547
Exogenous treatment,0.9696971977428714
Exogenous treatment,1.0296208917108454
Exogenous treatment,1.0086592639266923
Exogenous treatment,0.9834472219353776
Exogenous treatment,0.9579967214100529
Exogenous treatment,0.9691231317172273
Exogenous treatment,0.993063193722612
Exogenous treatment,0.9608959649171986
Exogenous treatment,0.969873925922043
Exogenous treatment,1.0382448942828706
Exogenous treatment,1.0281789285973395
Exogenous treatment,0.9840355998776634
Exogenous treatment,0.982827155264625
Exogenous treatment,1.0214784082182538
Exogenous treatment,1.0331326962374034
Exogenous treatment,1.0010032658659866
Exogenous treatment,1.0087885687362075
Exogenous treatment,1.0865936777699539
Exogenous treatment,1.0088737486602113
Exogenous treatment,0.9654748585283853
Exogenous treatment,1.0567310903039782
Exogenous treatment,1.0022606786908426
Exogenous treatment,0.9948489984873421
Exogenous treatment,0.9717554833089749
Exogenous treatment,1.0469500338585098
Exogenous treatment,0.970179011662886
Exogenous treatment,0.9844722211954251
Exogenous treatment,1.0033594878330165
Exogenous treatment,0.99310368326838
Exogenous treatment,1.0281691848774022
Exogenous treatment,0.9906564768324119
Exogenous treatment,0.9644226131754827
Exogenous treatment,1.0056130678930322
Exogenous treatment,1.025703144772706
Exogenous treatment,1.01058166916068
Exogenous treatment,1.0162223229333456
Exogenous treatment,1.0405062916961367
Exogenous treatment,1.0203302526641755
Exogenous treatment,1.0063496595922898
Exogenous treatment,1.0043068958162222
Exogenous treatment,1.023436698225813
Exogenous treatment,1.0016675990115804
Exogenous treatment,0.9787579380660578
Exogenous treatment,1.0271750506336639
Exogenous treatment,0.972885619557181
Exogenous treatment,1.0392820873561577
Exogenous treatment,1.0432771882907754
Exogenous treatment,1.0152157697682789
Exogenous treatment,1.0025000663016834
Exogenous treatment,1.0092928608655487
Exogenous treatment,0.9990798503155547
Exogenous treatment,0.9898873529219494
Exogenous treatment,1.023116371295727
Exogenous treatment,0.9847360521636934
Exogenous treatment,0.981963755514981
Exogenous treatment,1.0390811800937414
Exogenous treatment,0.9824718641055411
Exogenous treatment,1.0015289292627632
Exogenous treatment,0.9563432066739959
Exogenous treatment,0.9665256477671237
Exogenous treatment,0.9937570459558087
Exogenous treatment,0.9969897810613468
Exogenous treatment,1.0246226111203898
Exogenous treatment,1.0018743028003714
Exogenous treatment,0.9707395658867086
Exogenous treatment,0.9917833438944056
Exogenous treatment,1.0259281785666299
Exogenous treatment,1.0010483057117623
Exogenous treatment,1.0159567627830552
Exogenous treatment,0.9513074995581665
Exogenous treatment,1.0222701829618897
Exogenous treatment,0.9947139072121741
Exogenous treatment,1.007436664913272
Exogenous treatment,0.9784341874184282
Exogenous treatment,0.9976256849817248
Exogenous treatment,0.9832140878666107
Exogenous treatment,0.9643428945202303
Exogenous treatment,1.063554422326308
Exogenous treatment,1.00736006969349
Exogenous treatment,1.0157621252341595
Exogenous treatment,1.0022003425265695
Exogenous treatment,0.9673960154444279
Exogenous treatment,1.0050814048798278
Exogenous treatment,0.9885390233387925
Exogenous treatment,0.9872453088692414
Exogenous treatment,0.9904861967874216
Exogenous treatment,0.9955768071812154
Exogenous treatment,0.9850700774625474
Exogenous treatment,0.963856198157947
Exogenous treatment,1.000962746964144
Exogenous treatment,0.9869499169624434
Exogenous treatment,0.9725694234337252
Exogenous treatment,1.0193173945214005
Exogenous treatment,1.0347408701646925
Exogenous treatment,1.016929478154454
Exogenous treatment,0.9870185601867568
Exogenous treatment,1.007724929126819
Exogenous treatment,1.001613647994936
Exogenous treatment,0.9640024692441458
Exogenous treatment,0.9931901112830928
Exogenous treatment,0.9745557690813171
Exogenous treatment,1.005619746165244
Exogenous treatment,1.0017926450212844
Exogenous treatment,0.9811973894586918
Exogenous treatment,1.0006822296670028
Exogenous treatment,1.0225955126644188
Exogenous treatment,1.0514229405639712
Exogenous treatment,0.9928935405471245
Exogenous treatment,1.0434761647827515
Exogenous treatment,1.0110723144287972
Exogenous treatment,0.998947316477953
Exogenous treatment,1.007046568010636
Exogenous treatment,0.9906672009319566
Exogenous treatment,0.9959098157132283
Exogenous treatment,0.9829279545809326
Exogenous treatment,0.9824989371887173
Exogenous treatment,1.0314950791266435
Exogenous treatment,0.9863821727525023
Exogenous treatment,1.0403559167482743
Exogenous treatment,1.0058002411763405
Exogenous treatment,1.0022887841489219
Exogenous treatment,1.009195258848421
Exogenous treatment,1.0328176548993107
Exogenous treatment,1.0109195816174532
Exogenous treatment,0.9934848844570152
Exogenous treatment,0.9684536792945075
Exogenous treatment,0.986721061708737
Exogenous treatment,1.0352066838325185
Exogenous treatment,1.0002504816683007
Exogenous treatment,0.9445560177517855
Exogenous treatment,1.0106761235703157
Exogenous treatment,1.0118172567062422
Exogenous treatment,1.0070833353671178
Exogenous treatment,1.0156421203381518
Exogenous treatment,1.0027614575326314
Exogenous treatment,1.0305355755338206
Exogenous treatment,0.9652417188429331
Exogenous treatment,0.9885549066222916
Exogenous treatment,0.9963764717492258
Exogenous treatment,0.959258247838356
Exogenous treatment,0.9956593499126093
Exogenous treatment,1.0557834117064306
Exogenous treatment,0.9643745258498214
Exogenous treatment,1.0319570827023723
Exogenous treatment,0.9335784201315521
Exogenous treatment,1.0175555575152857
Exogenous treatment,1.0108887956560175
Exogenous treatment,1.025009177616626
Exogenous treatment,1.0297260624340874
Exogenous treatment,1.0109819967996394
Exogenous treatment,1.0388552402656306
Exogenous treatment,0.9861297302819643
Exogenous treatment,0.9825585118889906
Exogenous treatment,0.9877719952289129
Exogenous treatment,0.9906093575324584
Exogenous treatment,0.9789263552077402
Exogenous treatment,1.0179756980747694
Exogenous treatment,1.02063727865514
Exogenous treatment,1.026231875167933
Exogenous treatment,1.0700299767495602
Exogenous treatment,1.0105247737198786
Exogenous treatment,0.9759993719092892
Exogenous treatment,0.9750978086307699
Exogenous treatment,1.0347998679497592
Exogenous treatment,0.9625882799159492
Exogenous treatment,0.9919324565589299
Exogenous treatment,0.9674575663975167
Exogenous treatment,0.9976203262734807
Exogenous treatment,1.0070115722460835
Exogenous treatment,1.033594844657659
Exogenous treatment,1.0010449931870482
Exogenous treatment,1.0141229075258609
Exogenous treatment,1.0337003924822379
Exogenous treatment,1.0112043309672423
Exogenous treatment,1.0036775161073876
Exogenous treatment,1.0101857254552609
Exogenous treatment,1.0118465586224819
Exogenous treatment,0.9859044214024641
Exogenous treatment,0.9961657006201207
Exogenous treatment,1.0796373373932182
Exogenous treatment,0.9865469418357341
Exogenous treatment,0.9503572138701643
Exogenous treatment,0.9836059089480007
Exogenous treatment,1.0112076063181101
Exogenous treatment,0.9966967958215291
Exogenous treatment,0.9780172320376601
Exogenous treatment,1.0005515939792322
Exogenous treatment,0.9945399252151237
Exogenous treatment,0.9918420779013624
Exogenous treatment,1.0073852622036816
Exogenous treatment,0.9818433830061578
Exogenous treatment,1.0386770645549828
Exogenous treatment,1.014796356291475
Exogenous treatment,0.9810247509292085
Exogenous treatment,1.015869841563694
Exogenous treatment,1.0304861294106593
Exogenous treatment,1.0297773470163463
Exogenous treatment,1.0216846588950315
Exogenous treatment,0.9951829365504125
Exogenous treatment,0.9887094930004922
Exogenous treatment,0.9982547452970812
Exogenous treatment,1.0164890205146806
Exogenous treatment,1.0014220874644546
Exogenous treatment,1.0015306261035828
Exogenous treatment,1.02913126197315
Exogenous treatment,0.9980026596304408
Exogenous treatment,1.018186569288132
Exogenous treatment,0.991931420019956
Exogenous treatment,1.03735858150394
Exogenous treatment,1.0031905435030106
Exogenous treatment,1.0163785705572272
Exogenous treatment,0.9926001246701617
Exogenous treatment,1.0018895705037631
Exogenous treatment,0.970553978689188
Exogenous treatment,1.0153236326933999
Exogenous treatment,1.0294191492296516
Exogenous treatment,1.0100468182319164
Exogenous treatment,1.0456356055188893
Exogenous treatment,1.0023576684710787
Exogenous treatment,0.9945977478644477
Exogenous treatment,0.9983823346787218
Exogenous treatment,1.0095707521747999
Exogenous treatment,0.9504420052449635
Exogenous treatment,1.0013903298443656
Exogenous treatment,0.9852532927263356
Exogenous treatment,1.0013801707293095
Exogenous treatment,0.934433052044626
Exogenous treatment,1.0096599713613095
Exogenous treatment,1.004347717608658
Exogenous treatment,0.9742388803206086
Exogenous treatment,0.9863813148452042
Exogenous treatment,1.0104666731716292
Exogenous treatment,0.9760855376666935
Exogenous treatment,1.0131876480985784
Exogenous treatment,1.0053678813888047
Exogenous treatment,1.0012903479158126
Exogenous treatment,0.9812131504206031
Exogenous treatment,0.9990208654072739
Treated post-trend,1.0534411151467027
Treated post-trend,1.0449159332043374
Treated post-trend,1.0227103917093814
Treated post-trend,1.1101393341884007
Treated post-trend,1.0771604215861206
Treated post-trend,1.0963331955894962
Treated post-trend,1.1125211367876227
Treated post-trend,1.0942363913479207
Treated post-trend,1.0495865260919222
Treated post-trend,1.0483936663807785
Treated post-trend,1.0531295921943398
Treated post-trend,1.0706563685876302
Treated post-trend,1.0348130679707666
Treated post-trend,1.0566026618920974
Treated post-trend,1.0651534973308339
Treated post-trend,1.066047309562284
Treated post-trend,1.10158795745909
Treated post-trend,1.0398055014723755
Treated post-trend,1.0805450731120159
Treated post-trend,1.0327671351556131
Treated post-trend,1.059938321724954
Treated post-trend,1.0700546258462258
Treated post-trend,1.0561944121341684
Treated post-trend,1.1173845167500867
Treated post-trend,1.0845871012516721
Treated post-trend,1.0884000823580855
Treated post-trend,1.0628760463263287
Treated post-trend,1.0804521365711055
Treated post-trend,1.0654146711404906
Treated post-trend,1.0796783961500696
Treated post-trend,1.041680763348872
Treated post-trend,1.1025726226570127
Treated post-trend,1.0983545978498261
Treated post-trend,1.0783508993829631
Treated post-trend,1.0749963756114918
Treated post-trend,1.0891190050143713
Treated post-trend,1.0924315986548698
Treated post-trend,1.0898092286898664
Treated post-trend,1.026142865950894
Treated post-trend,1.1003664602906458
Treated post-trend,1.0461050774102252
Treated post-trend,1.0620778723992268
Treated post-trend,1.121081328184369
Treated post-trend,1.0698425783728134
Treated post-trend,1.0517395270025496
Treated post-trend,1.0195547291786342
Treated post-trend,1.0760598977660367
Treated post-trend,1.0727269589810757
Treated post-trend,1.025932662950714
Treated post-trend,1.0860267236350891
Treated post-trend,1.054483173895378
Treated post-trend,1.047949418639328
Treated post-trend,1.0924967095165403
Treated post-trend,1.0229795035487403
Treated post-trend,1.0739711306017963
Treated post-trend,1.0939417509868516
Treated post-trend,1.0112227273326055
Treated post-trend,1.0036685421269027
Treated post-trend,1.0748478581980665
Treated post-trend,1.0599903551976457
Treated post-trend,1.0441771841674834
Treated post-trend,1.0736218135379245
Treated post-trend,1.0590613189734401
Treated post-trend,1.0176119773214092
Treated post-trend,1.0589320888557026
Treated post-trend,1.0864182137323934
Treated post-trend,1.0500942184378657
Treated post-trend,1.0560295380580262
Treated post-trend,1.0675569831839453
Treated post-trend,1.0705058843772026
Treated post-trend,1.0865784138933485
Treated post-trend,1.0424779450420054
Treated post-trend,1.0664308077710036
Treated post-trend,1.0851384593410973
Treated post-trend,1.0399287750525845
Treated post-trend,1.0847361146163692
Treated post-trend,1.0450440967573396
Treated post-trend,1.0789183435431857
Treated post-trend,1.0809050060631202
Treated post-trend,1.0871782541756994
Treated post-trend,1.0526283414586195
Treated post-trend,1.0726440180990466
Treated post-trend,1.027083530835848
Treated post-trend,1.061592935480808
Treated post-trend,1.1158741508061276
Treated post-trend,1.0868665204783294
Treated post-trend,1.067468951670282
Treated post-trend,1.044029695141787
Treated post-trend,1.0224612361141185
Treated post-trend,1.0594912166458919
Treated post-trend,1.0384117138978066
Treated post-trend,1.0524347803151857
Treated post-trend,1.052872593137311
Treated post-trend,1.0844766705092463
Treated post-trend,1.0492359487709362
Treated post-trend,1.0851327500445667
Treated post-trend,1.0978078913911253
Treated post-trend,1.1088458572930788
Treated post-trend,1.0265212507938937
Treated post-trend,1.0853731078041378
Treated post-trend,1.0337418645185508
Treated post-trend,1.0944863809235617
Treated post-trend,1.0827384048520245
Treated post-trend,1.0549354678845944
Treated post-trend,1.0721916056301608
Treated post-trend,1.0601813363112402
Treated post-trend,1.080034934757502
Treated post-trend,1.0915219532131297
Treated post-trend,1.0396228901061852
Treated post-trend,1.0930410810385727
Treated post-trend,1.0818798055200232
Treated post-trend,1.0573705897234977
Treated post-trend,1.0143582156566957
Treated post-trend,1.0719539106283191
Treated post-trend,1.0719203695916981
Treated post-trend,1.0927668947489508
Treated post-trend,1.0872851947505862
Treated post-trend,1.0771042334198366
Treated post-trend,1.0945516314951564
Treated post-trend,1.0861449590661527
Treated post-trend,1.0246965914551998
Treated post-trend,1.0371774548496133
Treated post-trend,1.081822907518882
Treated post-trend,1.0782551847515938
Treated post-trend,1.0516355157043498
Treated post-trend,1.0435464847163751
Treated post-trend,1.0676629891959035
Treated post-trend,1.0858238781203728
Treated post-trend,1.0600333764012437
Treated post-trend,1.0535930114158063
Treated post-trend,1.0316540740472904
Treated post-trend,1.0227370643184306
Treated post-trend,1.079155061933296
Treated post-trend,1.0591720266161704
Treated post-trend,1.0219496342244154
Treated post-trend,1.0529027340660948
Treated post-trend,1.0642040714413117
Treated post-trend,1.017587518034718
Treated post-trend,1.0878637767310804
Treated post-trend,1.073516622320759
Treated post-trend,1.1166741986047046
Treated post-trend,1.0771682208572497
Treated post-trend,1.0100818929377298
Treated post-trend,1.086544016761377
Treated post-trend,1.069417625423592
Treated post-trend,1.063876465220258
Treated post-trend,1.1045793937234516
Treated post-trend,1.0921338733254997
Treated post-trend,1.0858366403477278
Treated post-trend,1.0582668159328081
Treated post-trend,1.0429849130010354
Treated post-trend,1.0636120524906116
Treated post-trend,1.0738247804271293
Treated post-trend,1.1061637723789377
Treated post-trend,1.0530088810253613
Treated post-trend,1.0310190513522737
Treated post-trend,1.0684472608821196
Treated post-trend,1.1077230120909676
Treated post-trend,1.098705513402161
Treated post-trend,1.0732017895438832
Treated post-trend,1.10030175644911
Treated post-trend,1.0515374784569365
Treated post-trend,1.0619998223838119
Treated post-trend,1.0748380734080363
Treated post-trend,1.089421266994628
Treated post-trend,1.0979742703512985
Treated post-trend,1.087571055898744
Treated post-trend,1.103051927900084
Treated post-trend,1.0914936158962336
Treated post-trend,1.088145698620991
Treated post-trend,1.0793825855971022
Treated post-trend,1.1344904199820633
Treated post-trend,1.0528511143198658
Treated post-trend,1.0825835454841268
Treated post-trend,1.1225964709735914
Treated post-trend,1.0789323343704327
Treated post-trend,1.115803532106282
Treated post-trend,1.082610858260627
Treated post-trend,1.0758461372620174
Treated post-trend,1.0635656632901547
Treated post-trend,1.0537819738111864
Treated post-trend,1.0363244197388934
Treated post-trend,1.0891376424980876
Treated post-trend,1.0119225885023184
Treated post-trend,1.0787420430427035
Treated post-trend,1.0971268638645981
Treated post-trend,1.0650405094091038
Treated post-trend,1.0912362650189977
Treated post-trend,1.1090121818538234
Treated post-trend,1.0565784807031957
Treated post-trend,1.074028265766196
Treated post-trend,1.0697485517420073
Treated post-trend,1.0915443771551931
Treated post-trend,1.0884826569238522
Treated post-trend,1.090585013916527
Treated post-trend,1.0345417384907833
Treated post-trend,1.0654309783035631
Treated post-trend,1.0910565902423235
Treated post-trend,1.071310467813512
Treated post-trend,1.0553676137156884
Treated post-trend,0.9968469048820005
Treated post-trend,1.0250064854933219
Treated post-trend,1.0913797510555563
Treated post-trend,1.0881335145854558
Treated post-trend,1.0331583129489137
Treated post-trend,1.116293865495528
Treated post-trend,1.07317343147877
Treated post-trend,1.0987476846863757
Treated post-trend,1.0738692275468475
Treated post-trend,1.0298413507613389
Treated post-trend,1.0525789645867911
Treated post-trend,1.0985547896793335
Treated post-trend,1.0817281592522392
Treated post-trend,1.089751957813093
Treated post-trend,1.1166133094221753
Treated post-trend,1.0523503226237816
Treated post-trend,1.0750831566660584
Treated post-trend,1.1041894028864487
Treated post-trend,1.0300536242923428
Treated post-trend,1.106475359722955
Treated post-trend,1.0719696554656977
Treated post-trend,1.054418813887001
Treated post-trend,1.0853900651157429
Treated post-trend,1.0738303125077069
Treated post-trend,1.0865159585093958
Treated post-trend,1.1136888035615469
Treated post-trend,1.0931859241100013
Treated post-trend,1.0235738669911965
Treated post-trend,1.038882452225841
Treated post-trend,1.0525966630188024
Treated post-trend,1.1192733085213737
Treated post-trend,1.078833897221247
Treated post-trend,1.0587514787099157
Treated post-trend,1.075323020467711
Treated post-trend,1.1071969002090891
Treated post-trend,1.078002666847112
Treated post-trend,1.0917589683692894
Treated post-trend,1.097251972856636
Treated post-trend,1.118896437393354
Treated post-trend,1.0672964900074633
Treated post-trend,1.0411690535286116
Treated post-trend,1.031628472078157
Treated post-trend,1.1024110046100772
Treated post-trend,1.0848729465480973
Treated post-trend,1.0719525602701048
Treated post-trend,1.0814637005084575
Treated post-trend,1.095415838396778
Treated post-trend,1.0672525246319458
Treated post-trend,1.0187690210117997
Treated post-trend,1.08835367943575
Treated post-trend,1.1265566251872074
Treated post-trend,1.0650417510322565
Treated post-trend,1.0900056773266606
Treated post-trend,1.0863774299068882
Treated post-trend,1.1016788001992808
Treated post-trend,1.0714742675613245
Treated post-trend,1.0951787457021074
Treated post-trend,1.0879934643028955
Treated post-trend,1.064421589465585
Treated post-trend,1.044610275441448
Treated post-trend,1.0679082505080875
Treated post-trend,1.0866712188530467
Treated post-trend,1.0470599439023305
Treated post-trend,1.0362504016676608
Treated post-trend,1.0978292709455035
Treated post-trend,1.0100133204448867
Treated post-trend,1.0976175419072156
Treated post-trend,1.1159965196951829
Treated post-trend,1.0414545952296874
Treated post-trend,1.05603768414365
Treated post-trend,1.0794935996485513
Treated post-trend,1.0611603466205164
Treated post-trend,1.074373143669155
Treated post-trend,1.0508088710992154
Treated post-trend,1.0840198309028155
Treated post-trend,1.0096383102540907
Treated post-trend,1.085937480969715
Treated post-trend,1.0501385961528082
Treated post-trend,1.0574217949631777
Treated post-trend,1.1027193846257441
Treated post-trend,1.0516243835205996
Treated post-trend,1.1161023365868483
Treated post-trend,1.0930766738558895
Treated post-trend,1.0748296289372696
Treated post-trend,1.0926096365679958
Treated post-trend,1.0938977456948829
Treated post-trend,1.10029007598046
Treated post-trend,1.071725588819261
Treated post-trend,1.0791859839806113
Treated post-trend,1.0641896526864258
Treated post-trend,1.143597540052983
Treated post-trend,1.068509446097339
Treated post-trend,1.0913368885663846
Treated post-trend,1.051102331175168
Treated post-trend,1.068457305070526
Treated post-trend,1.0482029554074934
Treated post-trend,1.0757195846999639
Treated post-trend,1.1133881015622165
Treated post-trend,1.0583058248068444
Treated post-trend,1.0793275537402047
Treated post-trend,1.0677459529641808
Treated post-trend,1.0282775716982933
Treated post-trend,1.022974202875853
Treated post-trend,1.0806360903518129
Treated post-trend,1.1039032484086233
Treated post-trend,1.0256587508633075
Treated post-trend,1.0836880283764494
Treated post-trend,1.0839699731712567
Treated post-trend,1.0925672807716222
Treated post-trend,1.0704752120230396
Treated post-trend,1.076425874528256
Treated post-trend,1.0921033915379397
Treated post-trend,1.1109111648091599
Treated post-trend,1.0722344554132361
Treated post-trend,1.0852623132309147
Treated post-trend,1.0487648522553243
Treated post-trend,1.0863737483836733
Treated post-trend,1.0182718631630165
Treated post-trend,1.0435884370735107
Treated post-trend,1.1214437698322601
Treated post-trend,1.0519750027945673
Treated post-trend,1.1153314055609442
Treated post-trend,1.0334972908393891
Treated post-trend,1.091285242364144
Treated post-trend,1.0783043523509708
Treated post-trend,1.1088938077839825
Treated post-trend,1.0876779924315823
Treated post-trend,1.0326564527117426
Treated post-trend,1.0908202447744508
Treated post-trend,1.127023479803965
Treated post-trend,1.0875282920771916
Treated post-trend,1.1008316726772407
Treated post-trend,1.0844993610253644
Treated post-trend,1.0236500720826816
Treated post-trend,1.1142375518686443
Treated post-trend,1.1129009952452782
Treated post-trend,1.0945538860677426
Treated post-trend,1.0637883610432504
Treated post-trend,1.0427444287391094
Treated post-trend,1.0938383905417017
Treated post-trend,1.0762280336434378
Treated post-trend,1.0851106701575044
Treated post-trend,1.0710074885613883
Treated post-trend,1.0578966373890903
Treated post-trend,1.038462914947486
Treated post-trend,1.083606141168052
Treated post-trend,1.0817892446838586
Treated post-trend,1.0709943478963542
Treated post-trend,1.0777993496830256
Treated post-trend,1.031931796982027
Treated post-trend,1.0317366469903932
Treated post-trend,1.1071784872071242
Treated post-trend,1.0869604777747064
Treated post-trend,1.0701720346156085
Treated post-trend,1.0364786567756097
Treated post-trend,1.051610899677485
Treated post-trend,1.1193050634197592
Treated post-trend,1.0788838726665926
Treated post-trend,1.0742838610509646
Treated post-trend,1.099663404817349
Treated post-trend,1.080383925612432
Treated post-trend,1.0939340644780051
Treated post-trend,1.065096780059049
Treated post-trend,1.101832453299406
Treated post-trend,1.0629168551769286
Treated post-trend,1.0423136000147015
Treated post-trend,1.0974779785030124
Treated post-trend,1.0637973857848617
Treated post-trend,1.068499763704304
Treated post-trend,1.1017177301086134
Treated post-trend,1.0810370075544538
Treated post-trend,1.075955946086678
Treated post-trend,1.088417261685143
Treated post-trend,1.0571494814216358
Treated post-trend,1.0771842486852652
Treated post-trend,1.0564021908629027
Treated post-trend,1.060574141991031
Treated post-trend,1.0840698769743096
Treated post-trend,1.0475727695327117
Treated post-trend,1.0427466569077497
Treated post-trend,1.0156743187001847
Treated post-trend,1.036709662528501
Treated post-trend,1.0711995417701303
Treated post-trend,1.045148802109447
Treated post-trend,1.111108361318378
Treated post-trend,1.0894443580033795
Treated post-trend,1.0816811975913017
Treated post-trend,1.1209323702993887
Treated post-trend,1.0666308803338116
Treated post-trend,1.0797560288059933
Treated post-trend,1.0567434455602642
Treated post-trend,1.058808673979906
Treated post-trend,1.032365180190166
Treated post-trend,1.0975248332435261
Treated post-trend,1.0273216796688245
Treated post-trend,1.0844225848260067
Treated post-trend,1.083988131559714
Treated post-trend,1.1086331565376304
Treated post-trend,1.0722956277501225
Treated post-trend,1.0492862355383512
Treated post-trend,1.0389094210017427
Treated post-trend,1.0723131054225998
Treated post-trend,1.061625238642459
Treated post-trend,1.0778118739202658
Treated post-trend,1.0734925359649559
Treated post-trend,1.1241798323935723
Treated post-trend,1.0473282962866661
Treated post-trend,1.0956658737229106
Treated post-trend,1.0526167749999673
Treated post-trend,1.0775650017608298
Treated post-trend,1.097984398252854
Treated post-trend,1.0283348422570158
Treated post-trend,1.0448363430911594
Treated post-trend,1.1081691279984192
Treated post-trend,1.1013351224286132
Treated post-trend,1.1309892923034304
Treated post-trend,1.0848516595622661
Treated post-trend,1.0638514958802154
Treated post-trend,1.0815692417334262
Treated post-trend,1.1043671814201939
Treated post-trend,1.090969301452863
Treated post-trend,1.0660413676692702
Treated post-trend,1.0675622515957404
Treated post-trend,1.0692522653998702
Treated post-trend,1.079871900433909
Treated post-trend,1.0825245741144023
Treated post-trend,1.0945967971979325
Treated post-trend,1.081429560383029
Treated post-trend,1.0144817493549834
Treated post-trend,1.0556032543449378
Treated post-trend,1.0805147165756566
Treated post-trend,1.0602531071970416
Treated post-trend,1.086506050712948
Treated post-trend,1.0701698603953895
Treated post-trend,1.1030633191318828
Treated post-trend,1.0654997485348447
Treated post-trend,1.0886836472257952
Treated post-trend,1.0678730030776538
Treated post-trend,1.0467614194961994
Treated post-trend,1.0800415790962867
Treated post-trend,1.0706498764759407
Treated post-trend,1.0645669939388251
Treated post-trend,1.050073350384213
Treated post-trend,1.0787568401695427
Treated post-trend,1.0514661234100942
Treated post-trend,1.0469839316815162
Treated post-trend,1.0889084991173628
Treated post-trend,1.0669640005817258
Treated post-trend,1.1159263559651156
Treated post-trend,1.05873330148476
Treated post-trend,1.0567314890052573
Treated post-trend,1.0958545751694437
Treated post-trend,1.0339953840259999
Treated post-trend,1.0335103314909446
Treated post-trend,1.0794518472946462
Treated post-trend,1.0556846166132652
Treated post-trend,1.0833019616966413
Treated post-trend,1.0744886844159893
Treated post-trend,1.0139627517785605
Treated post-trend,1.0775855778076102
Treated post-trend,1.0617208044983053
Treated post-trend,1.1129206459281562
Treated post-trend,1.067804384601871
Treated post-trend,1.039223223523112
Treated post-trend,1.0745378912138666
Treated post-trend,1.045648668515362
Treated post-trend,1.1032006605569393
Treated post-trend,1.1329509705201575
Treated post-trend,1.0831513425040424
Treated post-trend,1.0527855268213504
Treated post-trend,1.0755685976273042
Treated post-trend,1.0877581720295022
Treated post-trend,1.0653303929813378
Treated post-trend,1.089348119059459
Treated post-trend,1.0859111930355139
Treated post-trend,1.046717622204164
Treated post-trend,0.9873747564644497
Treated post-trend,1.0653201325833486
Treated post-trend,1.081073319120473
Treated post-trend,1.108223307668905
Treated post-trend,1.0559143557890502
Treated post-trend,1.086182349452425
Treated post-trend,1.0768528306039196
Treated post-trend,1.0832640656107908
Treated post-trend,1.13307685078592
Treated post-trend,1.0504335917060599
Treated post-trend,1.0753069228863554
Treated post-trend,1.0426219344611534
Treated post-trend,1.0717955083315054
Treated post-trend,1.0693626557617657
Treated post-trend,1.0863907167174354
Treated post-trend,1.0431920967289798
Treated post-trend,1.094275694658938
Treated post-trend,1.0459739607143814
Treated post-trend,1.045377711494956
Treated post-trend,1.0918046893508027
Treated post-trend,1.0857362927143708
Treated post-trend,1.0770632724749305
Treated post-trend,1.055709463729877
Treated post-trend,1.089888929370564
Language-time shock,1.064474133230907
Language-time shock,1.04436030986566
Language-time shock,1.0033374352901825
Language-time shock,0.9925023200993427
Language-time shock,0.9834874038959919
Language-time shock,1.0019457931654152
Language-time shock,1.0043538570303283
Language-time shock,0.9647928523390785
Language-time shock,0.9663593891813894
Language-time shock,1.0406040522955946
Language-time shock,0.9719934969731747
Language-time shock,1.0208406547987203
Language-time shock,0.9727784118602176
Language-time shock,1.0021095721005806
Language-time shock,1.0331881364187143
Language-time shock,1.0641469191471822
Language-time shock,1.0043724812198591
Language-time shock,1.029932665949747
Language-time shock,1.1029021555456235
Language-time shock,1.0270251436443611
Language-time shock,1.0412750805198563
Language-time shock,1.0819028817315508
Language-time shock,1.02714344901772
Language-time shock,1.0238677282749957
Language-time shock,0.9950050098412282
Language-time shock,0.9878577593796678
Language-time shock,1.0029624601524272
Language-time shock,1.0997349925533302
Language-time shock,0.9740178716522417
Language-time shock,1.0111819641587765
Language-time shock,1.0274912200098114
Language-time shock,1.015317240306952
Language-time shock,0.9764172770359163
Language-time shock,1.0631060105853776
Language-time shock,1.0359286653466055
Language-time shock,1.0323967859559005
Language-time shock,1.0226930051688488
Language-time shock,0.9885164036778381
Language-time shock,1.021088163645047
Language-time shock,1.0354518078633395
Language-time shock,1.017637827986818
Language-time shock,0.9760127529244513
Language-time shock,1.0149996936584014
Language-time shock,0.9782475867241496
Language-time shock,0.9998541556662646
Language-time shock,1.0310389594857907
Language-time shock,0.9921234058126382
Language-time shock,0.9972117763363826
Language-time shock,1.0021718997751077
Language-time shock,1.0088391435711288
Language-time shock,0.9946470411634354
Language-time shock,1.0475946391519202
Language-time shock,1.0466523712535851
Language-time shock,1.0207977090284417
Language-time shock,1.0330253791403623
Language-time shock,1.0239631092384012
Language-time shock,1.0310483213439663
Language-time shock,1.0114625750968487
Language-time shock,1.040619199432159
Language-time shock,1.0241607504853372
Language-time shock,1.0262339663590319
Language-time shock,0.979685858595057
Language-time shock,0.986832478459877
Language-time shock,1.0413063159506886
Language-time shock,1.0262139238580665
Language-time shock,1.0607811803023974
Language-time shock,1.0263498406717757
Language-time shock,1.021279878811526
Language-time shock,1.032310091928311
Language-time shock,1.0050078757989247
Language-time shock,1.0040307975716842
Language-time shock,1.0144961241374701
Language-time shock,1.061373841953134
Language-time shock,1.0252671853205366
Language-time shock,1.0068817527186176
Language-time shock,1.025661030798419
Language-time shock,1.0230882341718357
Language-time shock,1.0160580730895856
Language-time shock,0.9949909926835319
Language-time shock,1.02961351938796
Language-time shock,1.0352281269051236
Language-time shock,1.0461406640094064
Language-time shock,1.0078170207028916
Language-time shock,1.0318129450291171
Language-time shock,1.0945372973043597
Language-time shock,0.9777049455082512
Language-time shock,0.9712354227948315
Language-time shock,1.0351638446946074
Language-time shock,1.0536611570627143
Language-time shock,1.0030870633879556
Language-time shock,1.026912441888401
Language-time shock,0.983757081676906
Language-time shock,1.0027537654813616
Language-time shock,1.0067452996994124
Language-time shock,1.053715207100511
Language-time shock,1.0152046868391724
Language-time shock,1.0120613299595664
Language-time shock,0.9693724999411732
Language-time shock,1.0119124859233386
Language-time shock,0.999388357629847
Language-time shock,1.0302673535513942
Language-time shock,0.9961107595053027
Language-time shock,1.0195589129426241
Language-time shock,1.0401650014555894
Language-time shock,1.0474100463332312
Language-time shock,1.0454154527029913
Language-time shock,1.0174277508286926
Language-time shock,0.9949989057010109
Language-time shock,1.0244493431988224
Language-time shock,1.0456013290463129
Language-time shock,1.0410036617796208
Language-time shock,0.9789097121297103
Language-time shock,1.0158944901572329
Language-time shock,1.005651689372976
Language-time shock,1.0285776404043223
Language-time shock,1.037671789297971
Language-time shock,1.0065704234610036
Language-time shock,1.021147141872587
Language-time shock,1.0137215989516601
Language-time shock,1.019151007964852
Language-time shock,1.0629840847767087
Language-time shock,0.9997305692709888
Language-time shock,1.0199937565891959
Language-time shock,1.0049226596065375
Language-time shock,1.0373031535220538
Language-time shock,1.021150662960309
Language-time shock,0.956530037574085
Language-time shock,0.9941203144763253
Language-time shock,1.0540477380807642
Language-time shock,1.0252286005885636
Language-time shock,0.9830071787140557
Language-time shock,1.0049821265637107
Language-time shock,1.0053323604450788
Language-time shock,1.0061471589364364
Language-time shock,1.000855678383639
Language-time shock,1.0234581011339647
Language-time shock,1.0101197596865379
Language-time shock,1.0007412497064698
Language-time shock,1.0703436374819812
Language-time shock,1.018516987688183
Language-time shock,1.0516576290078161
Language-time shock,1.0509898244976932
Language-time shock,1.004458545812645
Language-time shock,1.006681948728694
Language-time shock,0.9828680351466256
Language-time shock,1.0334075668674765
Language-time shock,1.0486481187197048
Language-time shock,0.9937206570401884
Language-time shock,1.0488689359221035
Language-time shock,1.0288613544508423
Language-time shock,1.0244216887815598
Language-time shock,1.0283058423801725
Language-time shock,1.0280960451105945
Language-time shock,1.0491255529292545
Language-time shock,1.0545738666040667
Language-time shock,1.0305320647344574
Language-time shock,1.0005130088476957
Language-time shock,1.0011170707216692
Language-time shock,0.972861951275696
Language-time shock,1.0292564142458347
Language-time shock,1.0703191312722826
Language-time shock,0.9844736406279511
Language-time shock,1.0166589626063849
Language-time shock,1.0284631968269644
Language-time shock,1.0065790552952165
Language-time shock,1.0136029372853659
Language-time shock,1.0848346418711583
Language-time shock,1.06615931633733
Language-time shock,1.0385041331807572
Language-time shock,0.9567415046918906
Language-time shock,1.0257475782595367
Language-time shock,0.9547937639104257
Language-time shock,0.9764199150238642
Language-time shock,1.0201688573781866
Language-time shock,0.9749455411068222
Language-time shock,1.059332036805337
Language-time shock,1.0205915300388801
Language-time shock,1.0390475081570991
Language-time shock,0.9894775711705943
Language-time shock,1.0222194642494984
Language-time shock,1.0092628970697861
Language-time shock,1.002324003998256
Language-time shock,1.0089974827752695
Language-time shock,1.0298331784701273
Language-time shock,1.0151726557428131
Language-time shock,0.9962994789862823
Language-time shock,1.0283905767037234
Language-time shock,1.0287994316774733
Language-time shock,1.0151735080049524
Language-time shock,1.0002548603574073
Language-time shock,1.060665457790778
Language-time shock,0.9937775071341699
Language-time shock,1.0341084343063947
Language-time shock,1.0092185552772226
Language-time shock,1.0431236038523664
Language-time shock,1.0437186988379066
Language-time shock,1.019048357177816
Language-time shock,0.9977893682682958
Language-time shock,1.0048460164624238
Language-time shock,1.070808094852475
Language-time shock,1.0690943786064677
Language-time shock,1.0223672108119408
Language-time shock,0.9705101334571339
Language-time shock,1.0702019406816827
Language-time shock,1.072483041010858
Language-time shock,1.0657337688330477
Language-time shock,1.0210999830256737
Language-time shock,1.0077165142700777
Language-time shock,1.0056701305458717
Language-time shock,0.989946027464063
Language-time shock,1.0209030754861093
Language-time shock,1.0085176902660031
Language-time shock,1.0235139660240005
Language-time shock,1.0046116693983103
Language-time shock,1.0117110393258328
Language-time shock,0.9867409901769465
Language-time shock,1.032128896278599
Language-time shock,0.9957311917972758
Language-time shock,1.0563792085021237
Language-time shock,1.0471581991525398
Language-time shock,1.0379490565625797
Language-time shock,1.0010082864437642
Language-time shock,1.0082595954638207
Language-time shock,1.0220161631827476
Language-time shock,1.0211981927116174
Language-time shock,1.0482524556193686
Language-time shock,1.0211613930381467
Language-time shock,1.0270692475871637
Language-time shock,1.0379173240717467
Language-time shock,1.01500366292821
Language-time shock,1.0176864255119116
Language-time shock,1.0170900855230487
Language-time shock,0.999985079001733
Language-time shock,1.0441389949784141
Language-time shock,1.034544941834568
Language-time shock,1.0228461532134896
Language-time shock,0.9877635825501063
Language-time shock,1.0029180311220995
Language-time shock,1.0177397053464345
Language-time shock,0.9815360234300494
Language-time shock,1.0310882158588357
Language-time shock,1.0135441931619473
Language-time shock,1.0119937525744267
Language-time shock,0.9923525811090079
Language-time shock,1.0382911804529713
Language-time shock,1.050580162669072
Language-time shock,1.0587833055982014
Language-time shock,0.9931848254703723
Language-time shock,1.0451253093275763
Language-time shock,1.0254454391001941
Language-time shock,0.992507405697441
Language-time shock,1.074543590981949
Language-time shock,1.009066337380263
Language-time shock,1.0409954739612413
Language-time shock,1.0557222444325847
Language-time shock,1.0218589827827085
Language-time shock,1.0011766266473963
Language-time shock,1.0296412717417578
Language-time shock,0.9800474820178842
Language-time shock,1.0254489270672504
Language-time shock,1.0001160929578212
Language-time shock,0.9919719467104022
Language-time shock,1.0168283511081253
Language-time shock,0.9854642314967089
Language-time shock,1.0565690568472208
Language-time shock,1.0151040523454813
Language-time shock,1.0396893523272703
Language-time shock,1.022752477031748
Language-time shock,0.987485941262821
Language-time shock,1.0149565249970054
Language-time shock,1.0336910157734125
Language-time shock,0.983877401864708
Language-time shock,0.9786789864762269
Language-time shock,0.979738083351841
Language-time shock,1.019127442697627
Language-time shock,1.0377290799137888
Language-time shock,1.007373168117587
Language-time shock,1.002067524034626
Language-time shock,1.041395641540047
Language-time shock,1.0214227373857967
Language-time shock,1.0492354897342722
Language-time shock,1.0310657482353376
Language-time shock,1.0339717207153716
Language-time shock,1.011279618219331
Language-time shock,1.0037582000195537
Language-time shock,1.047063401944437
Language-time shock,1.0157026340178832
Language-time shock,1.0278993127000895
Language-time shock,0.9981447716151371
Language-time shock,1.0017705912518264
Language-time shock,1.009912451428717
Language-time shock,1.0762151286611183
Language-time shock,1.0715539839523323
Language-time shock,1.0389846898052402
Language-time shock,1.0096083527258901
Language-time shock,1.0202500404707966
Language-time shock,1.0078962745924023
Language-time shock,1.016136658378597
Language-time shock,1.0372790839211345
Language-time shock,1.029060386350758
Language-time shock,1.058696318257312
Language-time shock,0.9981110085818858
Language-time shock,1.0261083186358984
Language-time shock,0.9970706078908571
Language-time shock,1.02846425585644
Language-time shock,1.0356699292458067
Language-time shock,0.9971518095909423
Language-time shock,1.0263669396025081
Language-time shock,1.0102177990678283
Language-time shock,1.00106544593762
Language-time shock,1.0115109600299461
Language-time shock,1.000078329404735
Language-time shock,0.9997019879583146
Language-time shock,1.0035861281225305
Language-time shock,1.0406649327069117
Language-time shock,0.9991108052102928
Language-time shock,1.0123029386925424
Language-time shock,1.0119358649763428
Language-time shock,1.0157191815774957
Language-time shock,1.0098715380453278
Language-time shock,0.9781175948351284
Language-time shock,0.9817619861372329
Language-time shock,1.0382222754547044
Language-time shock,1.004611088129806
Language-time shock,0.9573059932419621
Language-time shock,1.046791080240387
Language-time shock,0.9890488513121851
Language-time shock,1.0134743231903542
Language-time shock,1.016333615384043
Language-time shock,1.0200468056858623
Language-time shock,1.0038939498431456
Language-time shock,1.0768380311767292
Language-time shock,1.011456909705571
Language-time shock,1.0066631806587811
Language-time shock,0.9790172302818808
Language-time shock,1.0084651508976412
Language-time shock,1.0444475909358304
Language-time shock,1.0242813636744172
Language-time shock,1.0371151571961352
Language-time shock,1.0088921834726285
Language-time shock,1.0254024467812901
Language-time shock,1.0009146377477511
Language-time shock,0.9917811663312158
Language-time shock,0.9646494438433058
Language-time shock,1.014040372469338
Language-time shock,0.9811157868320861
Language-time shock,0.9868306073245655
Language-time shock,1.0169890440405824
Language-time shock,0.9710059840761773
Language-time shock,0.9900145552375512
Language-time shock,1.0626413215103985
Language-time shock,1.0168822759021456
Language-time shock,1.0058790713822092
Language-time shock,0.9672538663097253
Language-time shock,1.056518905803673
Language-time shock,1.0065587344443152
Language-time shock,0.9768976922551762
Language-time shock,1.0431512262281306
Language-time shock,1.0145707028685405
Language-time shock,1.0366332925212343
Language-time shock,1.0058536038376658
Language-time shock,1.069203026870706
Language-time shock,1.0691090801230763
Language-time shock,0.9953851053110546
Language-time shock,0.9875434035079149
Language-time shock,1.0511708747835644
Language-time shock,1.0158724492855944
Language-time shock,1.0367390397992016
Language-time shock,1.0370871790133656
Language-time shock,1.051394557131748
Language-time shock,1.0118977257846562
Language-time shock,0.988776238707366
Language-time shock,1.002239286557644
Language-time shock,1.0052116376141726
Language-time shock,1.0256367244296145
Language-time shock,0.962520958951433
Language-time shock,0.9996670227487775
Language-time shock,1.0418913837523065
Language-time shock,1.0519320157635388
Language-time shock,1.0035504242942435
Language-time shock,1.050468230128569
Language-time shock,1.0338156232223819
Language-time shock,1.0567640565968754
Language-time shock,1.014639664982738
Language-time shock,1.0269574966303796
Language-time shock,0.9992248333864275
Language-time shock,1.0281248581666471
Language-time shock,0.9991700015509928
Language-time shock,1.0080150546165552
Language-time shock,1.0171920396679701
Language-time shock,1.0001484912442362
Language-time shock,1.0211717292553173
Language-time shock,1.0113078116905636
Language-time shock,1.0492095613246972
Language-time shock,1.0352991269097842
Language-time shock,1.0374433798352363
Language-time shock,1.034131376808724
Language-time shock,1.0160533889810544
Language-time shock,1.0375119411575542
Language-time shock,1.0333818937307007
Language-time shock,1.046269476940628
Language-time shock,1.00621250857574
Language-time shock,1.0600009940121882
Language-time shock,1.020045238090855
Language-time shock,0.9850855973038837
Language-time shock,1.0251455888113725
Language-time shock,1.0255920824034044
Language-time shock,1.0431864886460898
Language-time shock,1.0408096650796108
Language-time shock,1.0032404964846493
Language-time shock,1.000885892912157
Language-time shock,1.0267587654002606
Language-time shock,1.0234883332279083
Language-time shock,1.0145847102593217
Language-time shock,1.0373050317712307
Language-time shock,1.016373537753196
Language-time shock,1.03067461812017
Language-time shock,1.0057757998333041
Language-time shock,1.0063507699904106
Language-time shock,1.0118739740534122
Language-time shock,1.0369027083488478
Language-time shock,0.9437996802171733
Language-time shock,1.044394209976705
Language-time shock,1.0219078595529687
Language-time shock,1.0153438058164486
Language-time shock,0.9959855241830724
Language-time shock,1.047894035906671
Language-time shock,1.0294055891229847
Language-time shock,1.0360298670508772
Language-time shock,1.007877686441286
Language-time shock,0.9269975722164353
Language-time shock,1.022332319557446
Language-time shock,1.0091259226148455
Language-time shock,1.0041861495341604
Language-time shock,1.0235440306090795
Language-time shock,1.0257512353495843
Language-time shock,1.0076646818152666
Language-time shock,1.0098965503798971
Language-time shock,1.0148348313756121
Language-time shock,1.0413358680759273
Language-time shock,0.9909167775309615
Language-time shock,1.0419188638998702
Language-time shock,1.059243031630062
Language-time shock,1.0142828152481433
Language-time shock,1.0363342210978015
Language-time shock,1.0258777110876327
Language-time shock,1.0193260899059682
Language-time shock,0.9799523656083711
Language-time shock,0.9909338684569511
Language-time shock,1.0154390281641321
Language-time shock,1.0356340220987685
Language-time shock,1.0186644951285246
Language-time shock,1.0301968089547415
Language-time shock,0.9875492077866483
Language-time shock,1.0386396964511118
Language-time shock,1.0385007714695342
Language-time shock,1.0142390273540265
Language-time shock,1.0642737149841202
Language-time shock,1.0241124606595307
Language-time shock,1.0166589602116978
Language-time shock,1.0497241964379236
Language-time shock,1.0077677217330465
Language-time shock,1.0502467795199082
Language-time shock,0.9904268937517732
Language-time shock,1.039885139233418
Language-time shock,1.0279548987915568
Language-time shock,1.0169526665619784
Language-time shock,1.04709143147893
Language-time shock,1.0308378961411693
Language-time shock,0.9773051826222778
Language-time shock,1.0111787600718052
Language-time shock,1.0252268735754462
Language-time shock,1.0063207486632364
Language-time shock,0.9959084661022642
Language-time shock,1.049347485896663
Language-time shock,1.0295236789171365
Language-time shock,1.018821418519723
Language-time shock,1.0157440502183177
Language-time shock,0.9792698107904588
Language-time shock,0.9448578551849889
Language-time shock,0.9926459118137483
Language-time shock,1.0465707805985913
Language-time shock,1.0162614148777727
Language-time shock,1.038338417626257
Language-time shock,1.0829224306600822
Language-time shock,0.9974947436106686
Language-time shock,1.0653473246325267
Language-time shock,1.0186652446515465
Language-time shock,1.0254437967613936
Language-time shock,1.0085280800620733
Language-time shock,1.0508667726789822
Language-time shock,1.0299396038368809
Language-time shock,1.0096647255223146
Language-time shock,1.0530062749414415
Language-time shock,1.085668338904719
Language-time shock,0.9970062741420455
Language-time shock,1.010831554446734
Language-time shock,0.9987585067699689
Language-time shock,1.0255047534889936
Language-time shock,0.9975541675307602
Country-language absorption,1.1326917789509594
Country-language absorption,1.1284695298221636
Country-language absorption,1.0675453320614723
Country-language absorption,1.1024175105945155
Country-language absorption,1.1010837568100098
Country-language absorption,1.1035211838024208
Country-language absorption,1.1127586342527285
Country-language absorption,1.1232809364565541
Country-language absorption,1.0886121533875968
Country-language absorption,1.0987105719328305
Country-language absorption,1.111436144965494
Country-language absorption,1.1120374574147869
Country-language absorption,1.1241800227306888
Country-language absorption,1.1386956535114459
Country-language absorption,1.1256666828348922
Country-language absorption,1.1413803282117576
Country-language absorption,1.1386935687960538
Country-language absorption,1.107084488739233
Country-language absorption,1.1395810458577427
Country-language absorption,1.1443663333608078
Country-language absorption,1.0723597335552224
Country-language absorption,1.0636060419626556
Country-language absorption,1.1597011728688882
Country-language absorption,1.1406641644029576
Country-language absorption,1.1395695453361099
Country-language absorption,1.126142933674074
Country-language absorption,1.1363695880812
Country-language absorption,1.0914377419409893
Country-language absorption,1.1263168788660627
Country-language absorption,1.1038098739416715
Country-language absorption,1.1190093689813478
Country-language absorption,1.0782232605754754
Country-language absorption,1.0763759339564867
Country-language absorption,1.1754978602632353
Country-language absorption,1.1006988966675892
Country-language absorption,1.0874747134741392
Country-language absorption,1.0744790289325779
Country-language absorption,1.1550690747392904
Country-language absorption,1.1115537971094542
Country-language absorption,1.085821390919961
Country-language absorption,1.0972909530534656
Country-language absorption,1.1286609940441275
Country-language absorption,1.1175506206903343
Country-language absorption,1.1370740760926963
Country-language absorption,1.1326151478669573
Country-language absorption,1.167326928905901
Country-language absorption,1.1019516841599297
Country-language absorption,1.1642948509535156
Country-language absorption,1.142457978995272
Country-language absorption,1.103003387178074
Country-language absorption,1.1182890745226444
Country-language absorption,1.1049026181253603
Country-language absorption,1.060746047280428
Country-language absorption,1.152340652434964
Country-language absorption,1.1441243562064587
Country-language absorption,1.1401535844566486
Country-language absorption,1.1165569437782403
Country-language absorption,1.1627701538630313
Country-language absorption,1.0946905179075401
Country-language absorption,1.103874474357977
Country-language absorption,1.0812882502560242
Country-language absorption,1.1358627848223637
Country-language absorption,1.134452904277972
Country-language absorption,1.1198045416823614
Country-language absorption,1.0784140341819772
Country-language absorption,1.1092583304611625
Country-language absorption,1.1201722092654185
Country-language absorption,1.1538410106503534
Country-language absorption,1.1658561022358527
Country-language absorption,1.1666550284139885
Country-language absorption,1.1586050838497242
Country-language absorption,1.1591771944416003
Country-language absorption,1.1501783320841916
Country-language absorption,1.1223715565757926
Country-language absorption,1.1083779876165152
Country-language absorption,1.1365038664924285
Country-language absorption,1.1198742921151639
Country-language absorption,1.1178128439105102
Country-language absorption,1.0674874427690266
Country-language absorption,1.10186389375197
Country-language absorption,1.100080797696382
Country-language absorption,1.0580165134288024
Country-language absorption,1.101028861474373
Country-language absorption,1.1392926112928237
Country-language absorption,1.1184656034112042
Country-language absorption,1.134481133358305
Country-language absorption,1.0765556014609414
Country-language absorption,1.1471152705534922
Country-language absorption,1.0571519547050077
Country-language absorption,1.0979864829092165
Country-language absorption,1.0997212222930788
Country-language absorption,1.118444579020197
Country-language absorption,1.1171567177797457
Country-language absorption,1.0592657442795554
Country-language absorption,1.0883485241094912
Country-language absorption,1.1003477110590527
Country-language absorption,1.1126106977332533
Country-language absorption,1.1194114219205573
Country-language absorption,1.1395741611257155
Country-language absorption,1.1236806492153006
Country-language absorption,1.0862758331760127
Country-language absorption,1.149588910320282
Country-language absorption,1.1290175721663527
Country-language absorption,1.1159027742257812
Country-language absorption,1.1029416502187768
Country-language absorption,1.1103435926810605
Country-language absorption,1.1219127044261872
Country-language absorption,1.1355659439476522
Country-language absorption,1.1134545985513062
Country-language absorption,1.0616088182526702
Country-language absorption,1.153748216441531
Country-language absorption,1.1262689216304733
Country-language absorption,1.1508462186055994
Country-language absorption,1.1266487164142513
Country-language absorption,1.1120794176595061
Country-language absorption,1.1393409984289513
Country-language absorption,1.1173341324930477
Country-language absorption,1.1340563868875342
Country-language absorption,1.1154421338794502
Country-language absorption,1.116777975650181
Country-language absorption,1.1355441749778863
Country-language absorption,1.1029339559760605
Country-language absorption,1.1057666581602181
Country-language absorption,1.10837032606716
Country-language absorption,1.1685272976629268
Country-language absorption,1.1473297137650311
Country-language absorption,1.11009801338798
Country-language absorption,1.1289641823071195
Country-language absorption,1.0942586305020594
Country-language absorption,1.1281577267075873
Country-language absorption,1.0907912729884295
Country-language absorption,1.089972715717182
Country-language absorption,1.078986610143579
Country-language absorption,1.132063744396778
Country-language absorption,1.1778358127486672
Country-language absorption,1.1262109984384259
Country-language absorption,1.1164915683921035
Country-language absorption,1.095084343934635
Country-language absorption,1.1389681372157936
Country-language absorption,1.1080917427263048
Country-language absorption,1.0899277157398153
Country-language absorption,1.0956024441572827
Country-language absorption,1.1489285034524137
Country-language absorption,1.1286238788962524
Country-language absorption,1.0867914394434668
Country-language absorption,1.1405763577864485
Country-language absorption,1.147065528590969
Country-language absorption,1.1130373186536697
Country-language absorption,1.1176024563645748
Country-language absorption,1.126457195963951
Country-language absorption,1.174425121267455
Country-language absorption,1.1173387469127383
Country-language absorption,1.107714599722578
Country-language absorption,1.1010906477097033
Country-language absorption,1.1275077333936814
Country-language absorption,1.1364120290524165
Country-language absorption,1.1412098493659015
Country-language absorption,1.117686353833802
Country-language absorption,1.145598121040457
Country-language absorption,1.1114505283433356
Country-language absorption,1.1011450599736394
Country-language absorption,1.124054854978958
Country-language absorption,1.1137361309501879
Country-language absorption,1.083438360214504
Country-language absorption,1.1373247460225955
Country-language absorption,1.0953395429993311
Country-language absorption,1.1565462710201753
Country-language absorption,1.0769723896678105
Country-language absorption,1.1208717459535507
Country-language absorption,1.1283735845449832
Country-language absorption,1.1526423580281249
Country-language absorption,1.1251405362477198
Country-language absorption,1.1121170697164648
Country-language absorption,1.1348484656142797
Country-language absorption,1.1302772985230005
Country-language absorption,1.1229150415140434
Country-language absorption,1.0960929013163057
Country-language absorption,1.1581222492510128
Country-language absorption,1.145251431242945
Country-language absorption,1.1041241947382447
Country-language absorption,1.1257126894213658
Country-language absorption,1.1234828579480265
Country-language absorption,1.105327252147635
Country-language absorption,1.0436520503245792
Country-language absorption,1.1538064547538065
Country-language absorption,1.101979974033168
Country-language absorption,1.1133932543359086
Country-language absorption,1.1442960148879684
Country-language absorption,1.1072125243051354
Country-language absorption,1.1112462726069796
Country-language absorption,1.1625380964251217
Country-language absorption,1.1373552474554194
Country-language absorption,1.1149551485517244
Country-language absorption,1.0985387441905914
Country-language absorption,1.1468083002876337
Country-language absorption,1.1111917828966393
Country-language absorption,1.123853539762161
Country-language absorption,1.108906024897875
Country-language absorption,1.1514103606118862
Country-language absorption,1.1317633070306743
Country-language absorption,1.1653448823150416
Country-language absorption,1.0911746749164963
Country-language absorption,1.0935053494591573
Country-language absorption,1.139212357497264
Country-language absorption,1.1856253114088882
Country-language absorption,1.0695249753774836
Country-language absorption,1.1476089700487817
Country-language absorption,1.12528022675691
Country-language absorption,1.087750964592203
Country-language absorption,1.0723928917094625
Country-language absorption,1.0861623491453984
Country-language absorption,1.0789533303362793
Country-language absorption,1.0510890700105766
Country-language absorption,1.1112263711510613
Country-language absorption,1.1165522888049626
Country-language absorption,1.106123586265646
Country-language absorption,1.1104559313542406
Country-language absorption,1.107413267171684
Country-language absorption,1.100125591213624
Country-language absorption,1.1044713110868658
Country-language absorption,1.1300375472427502
Country-language absorption,1.0426055354608779
Country-language absorption,1.0655023436690594
Country-language absorption,1.0229628204685657
Country-language absorption,1.1172012944894618
Country-language absorption,1.1392450730931412
Country-language absorption,1.0926226562481733
Country-language absorption,1.1360617354486215
Country-language absorption,1.1128302394271332
Country-language absorption,1.1336020203575161
Country-language absorption,1.1316617712246169
Country-language absorption,1.1031286279537416
Country-language absorption,1.1420736352538219
Country-language absorption,1.1646112695240844
Country-language absorption,1.1092936244831135
Country-language absorption,1.138524213864698
Country-language absorption,1.1349973069774704
Country-language absorption,1.1264629815358171
Country-language absorption,1.1360164842082954
Country-language absorption,1.1178953771821956
Country-language absorption,1.1089543356905691
Country-language absorption,1.1160182278296145
Country-language absorption,1.1539674141612903
Country-language absorption,1.1279890757427875
Country-language absorption,1.115726789166957
Country-language absorption,1.1426455425772457
Country-language absorption,1.1546402404522635
Country-language absorption,1.1426605414630433
Country-language absorption,1.11314244549616
Country-language absorption,1.1093705582759659
Country-language absorption,1.1001623691609823
Country-language absorption,1.126657190820977
Country-language absorption,1.1405198272524766
Country-language absorption,1.1164394081129547
Country-language absorption,1.142339904119074
Country-language absorption,1.1312189149531275
Country-language absorption,1.0900797464264074
Country-language absorption,1.1094349605333977
Country-language absorption,1.1738441267392952
Country-language absorption,1.1140787002408294
Country-language absorption,1.0920807185269448
Country-language absorption,1.0505146018684992
Country-language absorption,1.1307407465307364
Country-language absorption,1.1194895586917697
Country-language absorption,1.1476096902581276
Country-language absorption,1.1583209728455606
Country-language absorption,1.1156898675669487
Country-language absorption,1.1026616951139365
Country-language absorption,1.117498909977281
Country-language absorption,1.0772358998871971
Country-language absorption,1.117605423795907
Country-language absorption,1.1296547035882458
Country-language absorption,1.0991836623942477
Country-language absorption,1.1278779614017447
Country-language absorption,1.0793230064596069
Country-language absorption,1.1397126363267833
Country-language absorption,1.116849981573583
Country-language absorption,1.1157174438678477
Country-language absorption,1.1304363372167743
Country-language absorption,1.1334769558060689
Country-language absorption,1.1690079410626866
Country-language absorption,1.1364016066560811
Country-language absorption,1.1080640031061235
Country-language absorption,1.111860661246835
Country-language absorption,1.086218135625709
Country-language absorption,1.093517324920707
Country-language absorption,1.081852741957853
Country-language absorption,1.1290104815078905
Country-language absorption,1.0941414360264496
Country-language absorption,1.1352748084648894
Country-language absorption,1.128302648563185
Country-language absorption,1.1246652476118904
Country-language absorption,1.1089577269925477
Country-language absorption,1.1176768134315995
Country-language absorption,1.162721595347118
Country-language absorption,1.1285900400100912
Country-language absorption,1.0926778554230394
Country-language absorption,1.1402723133525505
Country-language absorption,1.0794406813951716
Country-language absorption,1.1286369830334206
Country-language absorption,1.1304907050294988
Country-language absorption,1.1395762919274484
Country-language absorption,1.1561442418487642
Country-language absorption,1.1692658222236931
Country-language absorption,1.1299435648910154
Country-language absorption,1.1050613463974037
Country-language absorption,1.1014949489711123
Country-language absorption,1.1472981207158646
Country-language absorption,1.1220771316384084
Country-language absorption,1.1232578234949853
Country-language absorption,1.1249445287317918
Country-language absorption,1.1464934448626805
Country-language absorption,1.1275535636239264
Country-language absorption,1.1217134810777176
Country-language absorption,1.1188081341901595
Country-language absorption,1.0998787949831454
Country-language absorption,1.1539905562801394
Country-language absorption,1.159453758722686
Country-language absorption,1.1479985788639464
Country-language absorption,1.114618468219849
Country-language absorption,1.105182616646557
Country-language absorption,1.1065927580148718
Country-language absorption,1.1602735146524144
Country-language absorption,1.122844871144486
Country-language absorption,1.1348604807296323
Country-language absorption,1.0737099905197933
Country-language absorption,1.1245615383883192
Country-language absorption,1.0851973559873676
Country-language absorption,1.1192523435644133
Country-language absorption,1.1246532775492577
Country-language absorption,1.1029433250467522
Country-language absorption,1.1308345434358464
Country-language absorption,1.1036824706386195
Country-language absorption,1.0859043669809854
Country-language absorption,1.1523738677900526
Country-language absorption,1.0829326900312037
Country-language absorption,1.0788409521711577
Country-language absorption,1.1144906347052619
Country-language absorption,1.128160651117652
Country-language absorption,1.1278350064329983
Country-language absorption,1.092349857889179
Country-language absorption,1.0924348611715686
Country-language absorption,1.1433369627405336
Country-language absorption,1.0554900767399276
Country-language absorption,1.1227198770381615
Country-language absorption,1.0992036121365476
Country-language absorption,1.1111751262415333
Country-language absorption,1.1566630665355728
Country-language absorption,1.1244619092469565
Country-language absorption,1.1066172168218407
Country-language absorption,1.1269524759298868
Country-language absorption,1.1086948740773281
Country-language absorption,1.1313575161467404
Country-language absorption,1.153422161467563
Country-language absorption,1.0786063461718831
Country-language absorption,1.1346550845938914
Country-language absorption,1.1206886406145393
Country-language absorption,1.1534516619019173
Country-language absorption,1.1234621042074704
Country-language absorption,1.1495397249134776
Country-language absorption,1.1800609506021602
Country-language absorption,1.134184047411489
Country-language absorption,1.1586687286904973
Country-language absorption,1.125684930832889
Country-language absorption,1.1166899447423546
Country-language absorption,1.0889067473868257
Country-language absorption,1.1473312327488
Country-language absorption,1.1206523125709629
Country-language absorption,1.1432552563097378
Country-language absorption,1.0858907344456632
Country-language absorption,1.1451090567803877
Country-language absorption,1.133848142382128
Country-language absorption,1.1507349995452036
Country-language absorption,1.1166866909920905
Country-language absorption,1.1353698746201455
Country-language absorption,1.1465962104165088
Country-language absorption,1.0597641302533944
Country-language absorption,1.1613409109341761
Country-language absorption,1.122356622567646
Country-language absorption,1.120649966626165
Country-language absorption,1.0874617738931294
Country-language absorption,1.0941213832004955
Country-language absorption,1.1227560539786239
Country-language absorption,1.1084879853731122
Country-language absorption,1.129668010129632
Country-language absorption,1.0849222030264631
Country-language absorption,1.0735797437470578
Country-language absorption,1.1323985603862496
Country-language absorption,1.1238734284418415
Country-language absorption,1.1304883385987259
Country-language absorption,1.0873962067224232
Country-language absorption,1.1366221479185956
Country-language absorption,1.1470309772926581
Country-language absorption,1.1300467573979502
Country-language absorption,1.1005781272994315
Country-language absorption,1.0769661065641933
Country-language absorption,1.1198347268458702
Country-language absorption,1.1038277631265803
Country-language absorption,1.1164202824700955
Country-language absorption,1.1607153136138397
Country-language absorption,1.09704083688958
Country-language absorption,1.0653477313768143
Country-language absorption,1.1849177358263283
Country-language absorption,1.079234282499605
Country-language absorption,1.1653196658332003
Country-language absorption,1.1174746851563264
Country-language absorption,1.1228574624365584
Country-language absorption,1.1403371824667254
Country-language absorption,1.1483179463252324
Country-language absorption,1.065408793550929
Country-language absorption,1.111835883601482
Country-language absorption,1.106345904337753
Country-language absorption,1.1178611338935605
Country-language absorption,1.124351940313485
Country-language absorption,1.1042706464363508
Country-language absorption,1.12085614993337
Country-language absorption,1.0561731452767882
Country-language absorption,1.0822342647283048
Country-language absorption,1.153438491214028
Country-language absorption,1.1132446649853964
Country-language absorption,1.0912084644599365
Country-language absorption,1.1396208630688087
Country-language absorption,1.0984512749319
Country-language absorption,1.0738169531566575
Country-language absorption,1.107479891643845
Country-language absorption,1.1217222436863317
Country-language absorption,1.1252780339232267
Country-language absorption,1.056233872617669
Country-language absorption,1.072065500292869
Country-language absorption,1.143105948308157
Country-language absorption,1.0874304711723604
Country-language absorption,1.116348920358059
Country-language absorption,1.0951034802477253
Country-language absorption,1.0942938722104776
Country-language absorption,1.1288713027771013
Country-language absorption,1.1134826348133176
Country-language absorption,1.1246534995729682
Country-language absorption,1.1050818948098455
Country-language absorption,1.0681658115041768
Country-language absorption,1.1223195759983573
Country-language absorption,1.1208454091203093
Country-language absorption,1.1202057974606539
Country-language absorption,1.072054229024685
Country-language absorption,1.0748455355925364
Country-language absorption,1.096599033219987
Country-language absorption,1.1378301182767996
Country-language absorption,1.0916197316672618
Country-language absorption,1.1209754963890797
Country-language absorption,1.1459663354426872
Country-language absorption,1.1412057802847544
Country-language absorption,1.1448150146239076
Country-language absorption,1.1013331549663419
Country-language absorption,1.0931680035480797
Country-language absorption,1.0632447765346793
Country-language absorption,1.1098433461373993
Country-language absorption,1.1098420915825342
Country-language absorption,1.1471320205698576
Country-language absorption,1.1323368166808365
Country-language absorption,1.0838633596321787
Country-language absorption,1.141122856406038
Country-language absorption,1.121150469341755
Country-language absorption,1.0882523271409503
Country-language absorption,1.1364611508045888
Country-language absorption,1.1064561946628895
Country-language absorption,1.0877338063762987
Country-language absorption,1.1447509349033709
Country-language absorption,1.1512280494880218
Country-language absorption,1.104866898330107
Country-language absorption,1.163772123360566
Country-language absorption,1.1462509706931643
Country-language absorption,1.1897026449972248
Country-language absorption,1.1093705713494129
Country-language absorption,1.1284941030448548
Country-language absorption,1.085533162967344
Country-language absorption,1.1130957008217783
Country-language absorption,1.074073114495778
Country-language absorption,1.0999834918729505
Country-language absorption,1.060366379996216
Country-language absorption,1.1085597294363898
Country-language absorption,1.1171148745345199
Country-language absorption,1.0802474936566964
Country-language absorption,1.119283122288542
Country-language absorption,1.1414251656399248
Country-language absorption,1.1310908569779659
Country-language absorption,1.0770926392484725
Country-language absorption,1.0755146297517635
Country-language absorption,1.0944256773389442
Country-language absorption,1.119109273364237
Country-language absorption,1.1126767137502225
Country-language absorption,1.092664486562522
Country-language absorption,1.1491470488137807
Country-language absorption,1.1385763573960326
Country-language absorption,1.0731899488894703
Country-language absorption,1.1419457976727287
Country-language absorption,1.1339417325315604
Country-language absorption,1.1309428516856679
Country-language absorption,1.1541784751530528
Country-language absorption,1.136973012073386
Country-language absorption,1.1426837148167661
Country-language absorption,1.1372401380281159
